,cleaned spiderman noway home,cleaned doctorstrange,cleaned thor love thunder,cleaned black panther,cleaned antman,cleaned deadpool wolverine
007Waffles,6.0,,,3.0,4.0,
11ovz11,10.0,,,,,
18Buddha,,9.0,,,,8.0
3xHCCH,9.0,,,,,
80sHorror,,,10.0,,,
851222,5.0,,7.0,6.0,10.0,4.0
ACollegeStudent,6.0,,7.0,,8.0,
ANastyGorilla,,,8.0,,,
ARTaylor,,,8.0,,,
ASBKnight,,,,,,1.0
A_Different_Drummer,,,7.0,7.0,,5.0
Aaron1375,,,10.0,,10.0,
Abdulxoxo,6.0,6.0,,7.0,,
Abhinav_Sumeet_Kombra,,,8.0,,,
Adam-09265,,,,,8.0,
AdrenalinDragon,5.0,,,,9.0,8.0
AfricanBro,7.0,6.0,8.0,7.0,8.0,7.0
Ahmad_pilehvar,,6.0,,,,
Ahmedfadil00,,9.0,10.0,9.0,10.0,7.0
AliensReservoir,,,9.0,,,
Allierubystein666,,,,9.0,9.0,4.0
Almost_Soldout,,,,,10.0,
AlphaBravoCheesecake,,,,3.0,,
AlsExGal,,,,,8.0,
AngelHonesty,,6.0,10.0,,10.0,
AnimatedCritic/PartTimeCritic,3.0,,,6.0,8.0,3.0
AnnaPagrati,,,,,10.0,7.0
Ansango,,7.0,,,,
Anseldog,,,3.0,,,
Anurag-Shetty,10.0,10.0,10.0,10.0,10.0,10.0
Aoi_kdr,6.0,,,,,
Ar_Pharazon_the_golden,,,,7.0,,
Aretheu,,,9.0,,,
Aries_Primal,,,5.0,,,6.0
AscendeSuperius,,,,9.0,9.0,7.0
Asteri-Atypical,,5.0,,,,
Athanatos173,,,,,,3.0
Atle_O,,,8.0,,,
AudioFileZ,,4.0,,,,
AvidWatcher101,,,,,,8.0
AvionPrince16,7.0,6.0,,6.0,9.0,5.0
Avwillfan89,7.0,2.0,,8.0,9.0,7.0
Aziz24,,,,6.0,8.0,
BA_Harrison,,,2.0,5.0,,
Badr90s,,,,,8.0,
BandSAboutMovies,,7.0,,7.0,10.0,7.0
Batree/btreakle,4.0,,,,9.0,
Batsy1501,8.0,,,,,
BeGerman,9.0,,,,,
Benjamin-M-Weilert,6.0,5.0,,7.0,8.0,7.0
Benslie,9.0,,,,10.0,9.0
Bibliophile100,8.0,,,,,
BigGuy,,,,,7.0,
Bigweight66,,,,,8.0,
BirdzOfParadise,,7.0,,,,
Birminghamukengland,,,1.0,,,
Biswas_,,,,6.0,9.0,
BlackEden,10.0,,,,,
Blazehgehg,,,,7.0,,
Blimplarg,,,5.0,,,
Blumanowar,,,,,7.0,
BoBo_Goal32,,,6.0,,,
Bofsensai/BudoSenpai,,,7.0,,,
BoulosSoueileh,7.0,,8.0,,,5.0
BrnzReviews/Junreviews/msbreviews/PedroReviews/True_Reviews,6.0,10.0,9.0,7.0,8.0,7.0
BrunoRatesTheMovies/PerryAtTheMovies,,,7.0,7.0,9.0,9.0
CANpatbuck3664,,,,9.0,9.0,6.0
CabbageCustard,,,,4.0,,
Camerenth,,,,8.0,,
CarolineFR69,,,,,,4.0
Carycomic,9.0,,5.0,10.0,7.0,5.0
Celewa,,,,,,
Chalice_Of_Evil,,7.0,,8.0,,
Chanandler-Bong,6.0,,,,,
Chance_Boudreaux19,,4.0,,,,
Chandru2206J,,,6.0,,,
ChrisBeaken,,,,6.0,,8.0
Christopher_Reid/christophershobris,1.0,4.0,5.0,5.0,10.0,
CinemaClown,,,,,,
CinemaSerf,6.0,6.0,7.0,,,
Cinemaniac1984,,,8.0,,,
Classic_Boxing_Matches,,6.0,,,,
Cobra_77,,,,10.0,,
ColinTheGorilla,8.0,5.0,,6.0,10.0,5.0
Couchkik20,,,,1.0,,
CountJonnie,,,,,7.0,5.0
Couziambatman,,,8.0,,,
CrazyArty,,,,,7.0,
Criticalstaff,,,,,1.0,3.0
CubsandCulture,,,,6.0,,
CutlasSaber,7.0,,,,,
D4V1D2411,8.0,6.0,,7.0,8.0,5.0
DANTEfromDMC,6.0,,,,,
DLochner,,,7.0,,,
DVR_Brale,,,,,,3.0
DanLawson146,,,8.0,7.0,8.0,8.0
DanTheMan2150AD,,,9.0,,,
Dannyboi94,,,,,10.0,4.0
DarkVulcan29,10.0,9.0,10.0,10.0,10.0,10.0
DarthVoorhees,,,3.0,5.0,9.0,
DarthWalker-34381,,,,7.0,8.0,
Darwinskid,,,,,,
DeBBss,,,,,6.0,
Dello_,,,6.0,6.0,5.0,4.0
Democrit,,,6.0,,,
Denno1972,,,6.0,,,
DiptanshuG,,,,9.0,10.0,7.0
DirkDiamond,,,,,,3.0
DoNotComeToTheCinemaDepressed,9.0,8.0,10.0,10.0,10.0,1.0
DocteurDream,7.0,,,,,
Dodge-Zombie,,,,7.0,,
Dominic_25_,6.0,,,5.0,,4.0
Dory_Darko,,,7.0,,,
DrTuvok,,,,,3.0,
Dr_Mark_ODoherty,,,,,,10.0
DunkelheitVZ,,,,,,1.0
Dylpickle08,,,10.0,,,
EUyeshima,,,,,,6.0
Ed-from-HI,8.0,,9.0,,,
Edvis-1997,,,,,8.0,
EdwardtheBlackPrince,,5.0,,5.0,8.0,
El-Ak,,,,,9.0,
Eli_Elvis,,,,,7.0,1.0
Elvis-Del-Valle,10.0,9.0,10.0,10.0,10.0,9.0
Entertainmentsparadise,7.0,5.0,8.0,7.0,10.0,6.0
ErReads,9.0,,,,,
Eric266,7.0,6.0,7.0,7.0,,6.0
Erik_Stone/Xavier_Stone,,1.0,6.0,,2.0,
EvanKevelson,,,,,,3.0
EvanparkerT,,,5.0,,,
EyeSeesMovies,10.0,,,,,
FallenEye,6.0,,,,,3.0
Fargomoviecritic,4.0,,,,,
Farzad-Doosti,,,,,,3.0
FattyBoomBatty,,4.0,,,,
FeastMode,8.0,6.0,5.0,8.0,9.0,5.0
Feel-the-truth,9.0,,,9.0,,
FilmFanatic2023,,8.0,,,,
Filmdokter,,,,,8.0,
Filmwalla,,5.0,9.0,,,
FinalSmash1689,,,8.0,,,
FinleyKolapo,,6.0,,,,
FireStation46,5.0,,,,,
FixedYourEnding,,,,,4.0,
FlashCallahan,,4.0,6.0,,7.0,
Floated2,4.0,5.0,,7.0,10.0,5.0
Fluke_Skywalker,,,7.0,,,
Foreverisacastironmess123,,,,,,6.0
GT-Lar,,,,6.0,,4.0
Gabmoreno2,,,8.0,,,
GabrielSymes,3.0,,,,,
GalAlba,4.0,,5.0,,,4.0
Geekofriendly,,,8.0,,,
Genkinchan,,,,,9.0,
Genti26,,,,7.0,,
Gilmoregirl-59340,10.0,,,,,
GiraffeDoor,,,,,7.0,
GoUSN,,1.0,,,,
GoldenGooner04,,,,,7.0,
GomezAddams666,,8.0,,10.0,,6.0
Gordon-11,,,,,,
GregTheStopSign95,,6.0,7.0,,,
Grey_rainbow,7.0,7.0,,,,
Groverdox,,,,,7.0,
H0kv5,6.0,7.0,10.0,6.0,,8.0
HOLYDIVER575,9.0,1.0,5.0,,,
HabibieHakim123,5.0,8.0,9.0,10.0,10.0,4.0
HafizhMaulana21,7.0,,,8.0,8.0,7.0
Hammer-Rocks,7.0,,7.0,,,
HardLight,,4.0,,,,3.0
Harlekwin_UK,,8.0,,8.0,,
Harry_Gleeson,,,,,9.0,
HasankaDesigner,,,3.0,,,
Hazu29,,,3.0,,,
Hitchcoc,6.0,,,7.0,,
HollisWoods,,,10.0,,,5.0
Hollywood_Yoda,,,10.0,,,
Holt344,,,10.0,,,
Hope-Earl,10.0,,,,7.0,
Horror_Flick_Fanatic,,,,,9.0,7.0
Horst_In_Translation,6.0,,,6.0,8.0,6.0
HotDoggyBoomBooM,,,8.0,6.0,10.0,7.0
HotHamlet,,,,,,2.0
IPyaarCinema,,,,,4.0,
IQ42,,,,7.0,,5.0
ITALUKE,,,8.0,7.0,8.0,
IWasKnownAsThe1SentenceReviewer,2.0,1.0,,7.0,10.0,
Insane_Man,,,,,1.0,
Insert_Text,7.0,,,,,
IonicBreezeMachine,7.0,6.0,,7.0,8.0,6.0
Irene212,,,,,3.0,
ItsRobinTV,7.0,5.0,,,,
Izzy129,10.0,,,,,
JCinHB,,5.0,,5.0,,
JPHReviews/Junreviews/Padreviews/PedroReviews/JTReviewsPlus,5.0,4.0,8.0,,8.0,
JWick23/wick27,,,4.0,,,
JabezGill,,,,,7.0,
JackCowart34,,6.0,,4.0,,5.0
JackRJosie,,,5.0,3.0,,
Jack_C_,,,5.0,,,
Jackblyth8,,,,,8.0,
Jackbv123,,,,6.0,,3.0
JayDeeezy,8.0,,,7.0,,
JayWolfgramm,6.0,3.0,,6.0,,
Jeremy_Urquhart,8.0,,6.0,7.0,8.0,4.0
Jester222,,,,8.0,,
Jim_E_Cornette,,,4.0,,,
Jimmy_JimJim,,,,5.0,,
Jithindurden,8.0,,8.0,6.0,7.0,7.0
JoBloTheMovieCritic,,,,,9.0,
JoeBobJones,2.0,,,,,
JoelChamp85,,,,,6.0,
JoeyCeee,,,4.0,,,
JohnDeSando,,,,,,
Johnny-the-Film-Sentinel-2187,6.0,5.0,8.0,5.0,10.0,6.0
Jonas1969,,5.0,,,,
Jonathanb-97,8.0,,,,,
JonyVeana,,,8.0,7.0,,7.0
Jorge_Wo,,,8.0,,,
Josephpr1990,,,8.0,,,
JoshuaMercott,7.0,6.0,8.0,8.0,7.0,6.0
Joshumms,,,,8.0,10.0,8.0
Junebug23057,,,7.0,,,
JurijFedorov,4.0,8.0,7.0,6.0,6.0,5.0
KFstudios2009,,5.0,,,8.0,6.0
KalKenobi83,8.0,7.0,8.0,9.0,9.0,8.0
Karamakate,,,10.0,,,
KatieDuncan44,,10.0,7.0,,,8.0
Kazombie,1.0,,,,,
Ketch_Rajath,7.0,,,,,
Kevin-42,,,,,,
KingeOfTheNorthe,7.0,,,,,
Kingslaay,,,6.0,6.0,8.0,6.0
Lefteris-Anagnostopoulos,,,4.0,,,
Lejink,,,,7.0,8.0,
LeoDeLeo,,,,,,3.0
Leofwine_draca,,,8.0,9.0,6.0,6.0
LeonLouisRicci,,6.0,,7.0,,
LetsReviewThat26,6.0,7.0,,6.0,7.0,6.0
Lewis_Heather787,,,7.0,8.0,8.0,
LincolnSixEko,,,,,9.0,
Little-c,2.0,,,,,
Ltufano23,,7.0,,,5.0,6.0
Luce1417,,9.0,,,,
Luv2Spooge,,,5.0,,,
Lythas_85,,,,,,4.0
M0n0_bogdan,,6.0,,,,
MB-reviewer185,7.0,6.0,8.0,7.0,9.0,6.0
MFC9,,,,,10.0,6.0
MJB784,,,,6.0,,5.0
MK_Movie_Reviews/NS-movie-reviews,9.0,,9.0,3.0,7.0,6.0
Mabkid,6.0,,,8.0,,6.0
MackMonMay87,8.0,,,,,
MadamWarden,,,,,,2.0
MajBlade2,,5.0,,,,
MajorBaleegh,,,4.0,,,
MamadNobari97,6.0,4.0,5.0,6.0,,4.0
MandalBros-5,9.0,,,,,
Mar-77,3.0,,,2.0,,
Marcello_Rafiado_,,,,7.0,,
Marco_Nocifora,5.0,,,,,
Mars-3038,9.0,,,,,
Martipee,3.0,1.0,,2.0,3.0,1.0
Matt-Canalcon,8.0,,,,,
Maxax777,,,,,10.0,
Maxyger756,,3.0,,,,
Mcduff3601,,,,,8.0,
Mehki_Girl,7.0,,,,,
Mequias,,,9.0,,,
MickeyTheConstant/mickeythechamp,3.0,1.0,6.0,4.0,7.0,8.0
Mike_Devine,5.0,3.0,,5.0,6.0,3.0
MiroslavKyuranov,8.0,6.0,8.0,,,
MissSimonetta,,,,,8.0,
Misss25,,,,,7.0,5.0
MisterJxroen,9.0,,,,,
MoistMovies,,,,,9.0,
MonsterVision99,,,,,2.0,
Motion-Picture-Watchmen,,,,,,
MovieJunkie1976,,,,6.0,,6.0
MovieWarfare,8.0,5.0,8.0,7.0,9.0,3.0
Movie_Rating_n_Ranking,6.0,6.0,7.0,7.0,8.0,4.0
Moviebuff_Chennai,,,,9.0,,7.0
Moviedude90,,,,4.0,,
MoviesWithX/moviesknight,6.0,,,8.0,8.0,6.0
MovieswDan/allmoviesfan,,,8.0,,,5.0
Mr-Fusion,,5.0,,,,6.0
MrDHWong,8.0,6.0,9.0,8.0,9.0,8.0
MrFilmAndTelevisionShow,,,,,9.0,
MrPaull0324,,,8.0,,,
Mr_Wobbly,7.0,,,,,
MuviFan73,,,,,7.0,
MxS7HGS,,,,,9.0,
Mysterygeneration,6.0,6.0,8.0,6.0,8.0,6.0
N-whymark,,,9.0,,,
NateWatchesCoolMovies,,,7.0,,,
NavyOrion/ayoreinf,4.0,,,,,8.0
Near-L,,,,7.0,,
Neill4797,,5.0,,,,5.0
Neon_Gold,,,,,8.0,
Neptune165/jrneptune,4.0,3.0,3.0,5.0,5.0,3.0
NestorTheGreat,7.0,8.0,,6.0,9.0,9.0
NicolasTheWolf,,,,8.0,10.0,
Nikki-D3,,6.0,,,,
Nikkiangel002,,,7.0,,,
Nixon_Carmichael,,3.0,7.0,,,
No-Life-101,6.0,5.0,10.0,8.0,,4.0
Nob0dy,,,,6.0,,1.0
Nomad007,,,,,,1.0
Norman_French,,,,6.0,8.0,7.0
Nyc_Don_DrKing,8.0,,,,,
OMTR,10.0,8.0,,6.0,10.0,10.0
ObsessiveCinemaDisorder,7.0,,,6.0,,
OldMovieRob/WorldMovie99,,,2.0,5.0,10.0,
OniFR,,,8.0,,,
OnjiMooteDaMarle,,,,,,4.0
OnlyAtJMart,,5.0,8.0,,,
Otkon,,,,,6.0,
PANDIAN120621,,,8.0,,,
PCC0921,,7.0,,,9.0,
Padrion,,,7.0,,,
Pairic,,8.0,8.0,8.0,,8.0
Paragon240,7.0,,,7.0,10.0,7.0
PedroPires90,7.0,,,4.0,6.0,6.0
PetShopBoy2024,,,,1.0,,
Phil_M_A_Kerr,,9.0,9.0,,,9.0
Phillip_Tomasso,4.0,,,,,
Pjtaylor-96-138044,5.0,,6.0,5.0,8.0,4.0
Pnkprinses309,,,,4.0,,
Polotovar,,,7.0,7.0,8.0,7.0
Popcorn-And-Twizzlers,8.0,,,9.0,,
PotassiumMan,9.0,,,10.0,,
Pranali_Patil,,,8.0,,,
Prichards12345,8.0,6.0,,,,
Prismark10,5.0,6.0,7.0,7.0,7.0,
Prophetik/kgprophet,6.0,5.0,6.0,,6.0,
PsychoBeard666,,,,,,4.0
Pukeonthestreet,,,,,,9.0
PyroSikTh,7.0,7.0,,,,
QAlpha007,,,8.0,,,
Quanfa,,,,,,
RRiley9945,5.0,,,,,
RahulM007,,9.0,,9.0,9.0,10.0
RaidersOfTheLostCommunist,,,,,,7.0
Rainbowbeany,,,,8.0,,
Rainman53929,7.0,,,,,
Raja79,,,,1.0,,
Rajit_thebingewatcher,,6.0,,,,
Ratingzzz/Wingzzz,6.0,,,,,
Rayofsun71,,,,9.0,,
RebelPanda,6.0,,7.0,,,
RegalsReelView,,,9.0,,,
Reviews_of_the_Dead,7.0,7.0,,7.0,8.0,7.0
Rex_Stephens,,,,,,6.0
Rich-Lee-Bailey,4.0,,,,,
Riddler91,,4.0,,,,
RightOnDaddio,,,10.0,,,7.0
RobTheWatcher/TheWatcher17,,,3.0,,9.0,
RobTortureWright,,,,,10.0,
RogerBorg,,,,4.0,,
Rome_17,,6.0,,,,
RosanaBotafogo,,,,8.0,9.0,
Roscorox616,,7.0,,,,
RottinApple1975,,,8.0,,,
RussHog,6.0,7.0,8.0,6.0,10.0,8.0
SAMTHEBESTEST,6.0,,,,7.0,6.0
SHU_Movies,8.0,3.0,,,,4.0
SPZMaxinema,7.0,6.0,8.0,9.0,9.0,8.0
SafReviews/Padreviews/msbreviews/navreview/wackoreviews,5.0,4.0,8.0,7.0,7.0,7.0
Safcinexile,,,4.0,,,
Saif_Hindawy,6.0,,,,,
SallyWilliams/waltermwilliams,7.0,7.0,9.0,7.0,9.0,6.0
SamfurinMinklefists,4.0,,,,,
SamuSixx,,7.0,8.0,8.0,,
Sandra-durand80,,,,1.0,,
Scar38,,,9.0,,8.0,6.0
Scarefish,,1.0,,,,
ScoobySnacks66,,,,,,3.0
ScorpioDog,7.0,4.0,3.0,6.0,8.0,6.0
Sergiodave,,,,,9.0,
Shadowboy_25cm,,,,7.0,8.0,
Shadowking1001,,,,6.0,,
Shakor77,2.0,,,,,
Shilo_R_A,,,,7.0,6.0,
Shmaden,,,,,10.0,
Shokani,,7.0,,,,
Silicone54,2.0,2.0,,2.0,,
Silver5963,,5.0,,,,
SilverOrlov,,5.0,,,8.0,
Sir_AmirSyarif,,,,,8.0,
Slarkshark,7.0,6.0,,9.0,10.0,6.0
SlashedProductions,,,1.0,,,
Sleepin_Dragon,8.0,,,,10.0,
Smarmelade,,4.0,,,,
SnoopyStyle,7.0,6.0,7.0,7.0,8.0,7.0
Solnichka,,,,8.0,,
SonGoku540,,,7.0,,,
SoumikBanerjee1996,7.0,6.0,7.0,6.0,7.0,5.0
SouthernViews,,,6.0,4.0,,
Spartan_1_1_7,,,,,8.0,
Special-K88,,,,,,
Splarke22,,,,,10.0,
Stanlee107,,6.0,,7.0,8.0,6.0
Stefan_Loves_Movies/stevencsmovies,,,10.0,6.0,,8.0
Steve9920,,,7.0,,,
Stream2BigScreen_Movie_Reviews,,7.0,,8.0,,8.0
SureCommaNot,,8.0,,,,5.0
Svenstadt,,,8.0,,,
T-ZER0,2.0,,,,,
TBJCSKCNRRQTreviews,10.0,8.0,10.0,,,7.0
TMAuthor23,,,8.0,,,
TRIDENT1745,7.0,,,8.0,,8.0
TVpotatoCat,,,9.0,,,
Taaneekaa,,,,,,3.0
Tactrix,,,,,,7.0
TakeUpReel,,,,,,3.0
Tarntarow,,,,5.0,,
Terryfan,,,,5.0,,
Thanos_Alfie,8.0,,,7.0,9.0,7.0
TharsheyN/harishnj,,,8.0,5.0,10.0,3.0
ThatDoesntMatter,,,,,,
The-Sarkologist,4.0,7.0,7.0,7.0,8.0,6.0
TheBigSick/thebricks,,,,,,9.0
TheCorniestLemur,,,,,7.0,
TheDanishMovie-Nerd,6.0,,,,,
TheDestroia,7.0,8.0,6.0,9.0,,10.0
TheFilmCasual,,,7.0,,,
TheGreatGreenBadger,,,,9.0,9.0,
TheMysteriousReviewer/The_Swedish_Reviewer,,,,1.0,9.0,
TheNamelessCzar,7.0,4.0,4.0,6.0,,5.0
TheOneThatYouWanted,4.0,10.0,8.0,9.0,10.0,
TheRetroCritic,7.0,5.0,,,5.0,
TheSmithySmith,4.0,,,,,
TheSuccessorOfTheReaper,,,1.0,,,
TheTexasChainstoreManager,,,,,6.0,
TheTruthofItIs,,,7.0,4.0,,
TheVictoriousV,5.0,3.0,5.0,5.0,7.0,3.0
TheWordYo,,,8.0,,,
Thecritichood234,6.0,,,,,
ThereelscoopwithKK,8.0,2.0,8.0,7.0,5.0,8.0
ThironthoramDude,,,,10.0,,
ThomasColquith,,,,,,6.0
ThomasDrufke,,,,,9.0,
ThunderKing6,7.0,7.0,,10.0,10.0,10.0
ThurstonHunger,,,7.0,,,7.0
TokyoGyaru,10.0,,,,,
TomSawyer-2112,4.0,,4.0,,,
TomTalksFilms,,4.0,6.0,,,
Top_Dawg_Critic,7.0,6.0,,8.0,9.0,10.0
TreeFiddy53,,,,7.0,9.0,
TruthbeTold2626,,,,1.0,,1.0
Turanic,,,6.0,,7.0,
Tv-Addict1991,,,,,9.0,
Tweetienator,,4.0,,3.0,,3.0
TxMike,,,,,,
UltraMaximal,,,,,,1.0
UniqueParticle,10.0,10.0,10.0,10.0,10.0,8.0
User145111,3.0,,,,,
Valid_ID,,,,1.0,,
Veritas99,,,,,,1.0
ViciousCXY,8.0,,,,,
Vineet_MishraPrayagraj_Dibiyapur,,,,8.0,,
Vivekmaru45,,5.0,,5.0,,
W011y4m5,7.0,3.0,,,9.0,
WatchAndSmile,,,,,,6.0
WeAreLive,4.0,,,4.0,10.0,3.0
Web_Of_Doom,6.0,3.0,,2.0,,5.0
Wililjam,,3.0,,,,5.0
WiseMan26,,7.0,,,,
WooderIce64,,4.0,,8.0,9.0,
XTheXXTruthX,,,,7.0,,
Xstal,8.0,4.0,,7.0,9.0,3.0
XweAponX,,,,10.0,10.0,10.0
Ynocrozplatfom,7.0,,,,,
Zac_La_Porte,,,,5.0,8.0,
Zi_Reviews_Movies,,,,,9.0,
aaaaaron-frannnnnnnn,7.0,,,,,
aarongnr,,,,9.0,,
abalpn-99472,,10.0,,10.0,10.0,10.0
abisio,,,9.0,,,9.0
aboalhyjaa,,,,,10.0,6.0
abphadore,,,,,9.0,
aciessi,,6.0,8.0,,,
actaction,,,,,8.0,
adamjohns-42575,6.0,,9.0,5.0,9.0,5.0
adamsmith-51004,,7.0,,7.0,9.0,7.0
adxpitz,,,,,,3.0
afura-78800,,,,9.0,10.0,9.0
agnethagillbanks20,8.0,,,,,
agof,,,7.0,,,
aheaven2005,,,,,9.0,
ahmdemir-86645,,,5.0,,,
ahmedm0ustafa,,,,8.0,8.0,7.0
ahmxii,,,,7.0,9.0,
ajikude,2.0,,,,,
ajintvarghese1,,,8.0,,,
akhil027,3.0,,,,,
akira-hideyo,,,,10.0,,
akoaytao1234,,,,7.0,1.0,
akshatmahajan,,,7.0,6.0,10.0,7.0
alcantaraj-16594,,,,,8.0,
alekspredator87,7.0,6.0,9.0,6.0,8.0,
alensufli,,3.0,5.0,,,
alex_with_a_P,,,,,,3.0
alexacaleigh,,9.0,,,,
alexandermarchack,8.0,,,,,
alexbazelos,7.0,6.0,7.0,,,
alexglimbergwindh,5.0,,5.0,6.0,,1.0
alexpeychev,2.0,,,,10.0,5.0
alindsayal,8.0,7.0,8.0,9.0,10.0,6.0
alreadyseenbeentaken,,,6.0,,,
ambusched94,,,,3.0,3.0,1.0
amesmonde/ijameson,,,5.0,,5.0,
amichnea,6.0,,,,,
amooorales,,6.0,7.0,,,
amwilburn-60131,9.0,9.0,,,,
anchitbaishya2004,,,8.0,,,
and_mikkelsen,,,,,,7.0
and_shove_it_up_your_butt,4.0,,,,6.0,
andrew-hill515,,,,5.0,7.0,1.0
andrew_clure,5.0,,,,,
andrewburgereviews,,,,5.0,,
andrewchristianjr,8.0,7.0,8.0,9.0,9.0,8.0
andyajoflaherty,,,8.0,9.0,8.0,
andydavis-19959,,,10.0,,,
andymaranam,,,,,4.0,
angelorwez,,,,,5.0,
aniruddhawaghmare,,,,1.0,,1.0
anonim-73883,,,10.0,,,
anshumanam,6.0,,,,,
apereztenessa-1,1.0,,,,,1.0
arabnikita,,,,,10.0,1.0
aramsdale,6.0,,,,9.0,9.0
arclinecreative,,,,,,1.0
arfdawg-1,,4.0,,,,
ariqakbar,,,,7.0,8.0,7.0
aristotelesathanas,,8.0,,10.0,,7.0
armandicoag/armandogpa,,,1.0,,,
arod_85,,,,,8.0,
arsalanweb,,7.0,6.0,,10.0,
arsenalfcclubwearegunners,,,,10.0,,
arthur_tafero,,,,,,3.0
arungeorge13,7.0,4.0,7.0,6.0,,6.0
arvinjanasis,,,9.0,,,
asb_deutsch,,,,,8.0,
ashfordofficial,7.0,6.0,,7.0,6.0,3.0
ashleyfitches,,,,,8.0,
asterblasterth,,,,2.0,,
athanasiosze,,,,7.0,7.0,7.0
athirn,,,7.0,,,
atkinsonlouise-73873,,,,,,7.0
atlasmb,,,,,7.0,
atleverton,5.0,,,,,
atrevino90,,,8.0,,,
auskooper,9.0,8.0,8.0,8.0,10.0,6.0
averagedeveloper,,,,3.0,,
avindugunasinghe,5.0,,,10.0,,7.0
awessel-58117,,,10.0,,,
aweynand96,5.0,,,,,
awsafzidane,,5.0,,,,
ayushparasar,,,,7.0,,5.0
babymanperson,7.0,,,,,
bankofmarquis,7.0,7.0,8.0,8.0,9.0,8.0
barrymw,4.0,,,,,
bastille-852-731547,,,5.0,,6.0,6.0
battlecrusadersgames,,,,,,7.0
bbevis-47954,,,,,9.0,4.0
bbickley13-921-58664,,,9.0,,,
bbv-69237,,,,,,4.0
becky-92346,8.0,,,5.0,,4.0
belacane,,,8.0,,,
benjaminskylerhill,,6.0,,6.0,9.0,5.0
benjinightingale,,,10.0,,,
benpulford-82589,5.0,,,,,
berestov,,,9.0,,,
bestford,,,,,,9.0
bevanaaron,,,6.0,,,
bgaiv,,,,,5.0,
bgbrunocom,,,,10.0,,
bgoo-19890,10.0,,,,,
bheadher,4.0,5.0,,6.0,,4.0
bhernandez2216,10.0,8.0,10.0,10.0,10.0,9.0
bhirschhoab,,,10.0,,,
biba_yu,,,9.0,,,
bignuts-06245,,,,8.0,,
blackmelo,6.0,,,,,
blanche-2,,,,,7.0,
blatherskitenoir,,,4.0,,,
blmulholland-14261,3.0,4.0,7.0,,,
blott2319-1,,,,4.0,6.0,3.0
blrnani,,,,6.0,6.0,
bobetjo,4.0,,,4.0,,
boblipton,8.0,5.0,,6.0,,
boggie4758,,,,,9.0,
bosporan,,,,,9.0,
bowmanblue,,,9.0,,,
bradykitchen-33648,8.0,,,7.0,8.0,7.0
brainwerx-1,,,,7.0,,
brandonmckay8,,7.0,9.0,8.0,9.0,7.0
brandonrhewitt,,,,,10.0,
breadandhammers,,,,,,
breathedirt,,,,6.0,,1.0
brentsbulletinboard,9.0,6.0,6.0,,,
brett-76260,,,,1.0,,
bretttaylor-04022,,,,7.0,10.0,
briancham1994,,,,7.0,9.0,5.0
brianjohnson-20043,,,4.0,,,
brianmlucas,4.0,,,,,
brittanyfonseca,4.0,,,,,
browniesnack57,,7.0,,8.0,10.0,10.0
brucecsnow,3.0,,,,,
brunovanael,,,,4.0,,5.0
bryangary65,,,,,7.0,
bryvill,9.0,,,,,
buzzpark,6.0,,,,,
bwdude,,,,5.0,,8.0
cahidi,,8.0,8.0,8.0,9.0,
calahao,,,10.0,,,
calummacleod-51310,,,9.0,,,
cannabinosa,,7.0,,,,
capitanotm,,,1.0,,,
cardsrock,8.0,6.0,,8.0,9.0,7.0
carlcasso,,,2.0,,,
carlwilkessob,1.0,,,3.0,10.0,
caroline_chupaa,,,,5.0,,
carterkev,,1.0,,,,
catalinmarian-13885,6.0,6.0,,8.0,,5.0
catpantry,,,,,10.0,
catschasemice9594,,,,,,10.0
cc0077,,,,8.0,,
ccarriere-43044,,,8.0,,,
ccqfcdpyx,3.0,,,,,
cdjh-81125,,,7.0,,9.0,
cedricdumler,7.0,4.0,,,,
ceojonathanmontgomery,,9.0,,,,
cerwen80,8.0,3.0,,,,
cfischer9,,,1.0,,,
cgearheart,,,,4.0,,
cgtam,,,,2.0,,
chand-suhas,5.0,4.0,7.0,,,
chenp-54708,,,4.0,,,
chera_khalid,7.0,6.0,8.0,7.0,8.0,6.0
cherold,,5.0,,8.0,7.0,6.0
cherylkyrandia,,,,,,5.0
chgames-28385,,7.0,,,,
chiragrathod19,6.0,6.0,8.0,6.0,10.0,6.0
chirilescemanuel,10.0,,,,,
chirox,5.0,,,,,
chitreshgupta,10.0,,,,,
chloeurc,8.0,,,,,
chris-b-welch,6.0,,,,,
chris_rowe-881-168820,10.0,,,6.0,,6.0
chriscarlisle25,9.0,,,,,
chrisklugh,,8.0,,,,
chrislawuk/chrisklugh,,8.0,,8.0,7.0,
christineballone,,7.0,,6.0,,8.0
christopherstamp/christophershobris,,,9.0,,10.0,
chubarova,,,,,10.0,
chukkacabra,,,10.0,,,
chunkylefunga,,,,4.0,8.0,5.0
cinemapersonified,6.0,,8.0,6.0,9.0,5.0
cinephilescientist,,,8.0,,,
cjm1d,,,,4.0,,
cjonesas,,,,7.0,8.0,7.0
cking1010-458-184844,,,3.0,,,
classicsoncall,7.0,7.0,,7.0,9.0,6.0
claudiapaola,9.0,,,,,
claudio_carvalho,,,,7.0,,6.0
cliff_bd,,,,,,8.0
cliftonofun,7.0,,5.0,4.0,6.0,5.0
clownbaby-06006,1.0,,,,,
cmalpelli,,7.0,,,,
cmelaniesenf,,,,5.0,,
colewaters,,,,9.0,10.0,10.0
collectorofsorts,,,6.0,5.0,8.0,
comps-784-38265,,5.0,8.0,2.0,,
confidential-67897,2.0,,,,,
coombsstephen,,,,8.0,8.0,6.0
courtney_london,8.0,,,,,
coynieuk,7.0,2.0,,,,
craigswift-23075,1.0,,,,,
craigwashington-30200,,,9.0,,,
cricketbat,5.0,6.0,,6.0,8.0,5.0
crisostomojoaquin,,,10.0,,,
crowemagnon,4.0,,,,,
cruise01,10.0,10.0,10.0,10.0,10.0,10.0
cs_rahul_prasad,,,,,10.0,10.0
cthirlby,8.0,9.0,,9.0,,6.0
cutie7,,,9.0,,,
cwade22,,,,,1.0,
d_penn,,,8.0,,,
daisukereds,5.0,5.0,6.0,5.0,6.0,4.0
dakotadickenson-83457,8.0,7.0,9.0,8.0,,7.0
dakuchonekobing,,,,,7.0,
dalyons-09311,6.0,,,,,
dam-24421,,,7.0,,,
damianphelps,,5.0,,5.0,10.0,6.0
dan_slentz,,6.0,,,,
danchilton-71955,,7.0,,8.0,,7.0
dandiego-15496,,,1.0,,,
dangerfox-90110,,,8.0,,,
danielaustin-735-484497,3.0,,,,,
danielgroza,,,6.0,,,
danieljfarthing,3.0,8.0,6.0,7.0,6.0,8.0
danielmanson,,,9.0,,9.0,
daniewhite-1,,,7.0,,,
danmossman,,,,7.0,,6.0
dannylee-78082,6.0,,,6.0,8.0,3.0
danydarko-34609,,,9.0,,,
darapjohnson,2.0,3.0,10.0,8.0,10.0,4.0
dark-phoenix84,,,8.0,,,
darkreignn,,9.0,,,,
daryopeek,,,,8.0,,
dasa108,,,,3.0,,
david-meldrum,,,,6.0,7.0,
david_royz,,6.0,,,,
davidallenxyz,,,7.0,3.0,6.0,7.0
davidwalker-94471,,,9.0,,,
day25,,,10.0,,,
dayton-w-price,2.0,,,,,
dbuckshnis,9.0,,,,,
dcoke25,,,7.0,,,
deacon_blues-88632,,,,5.0,,
deedee0,2.0,,,,,
deepfrieddodo,7.0,6.0,,7.0,10.0,6.0
degrees-33365,,,,,,1.0
dellamorte-82282,6.0,6.0,,,,
deloudelouvain,8.0,,9.0,6.0,7.0,8.0
demonblade-37792,8.0,7.0,,8.0,,8.0
dessi_jessi,,9.0,,,,
destroyerwod,,,9.0,,,
dfle3,,,8.0,,7.0,
digdog-785-717538,,,,8.0,,
dilipbts,,,,,7.0,
dilloncamp,,,,9.0,,
disnotbetty-10195,,1.0,,,,
djburnham,,,7.0,,,
djdogmanfish,6.0,,,,,
djrmc24,,,9.0,,,
djurrepower,,,,,7.0,
dk777,,,,,,3.0
dklecan,5.0,,,,,
dlmiley,,,,,,5.0
dmansel,,6.0,,7.0,,6.0
dmc101,4.0,,,,,
dmerette,,6.0,,,,
dmoorejr/moorek,,7.0,8.0,7.0,,1.0
dngoldman,,,,7.0,,
dno-60718,,5.0,,,,
dommercaldi,,,,4.0,,5.0
donmurray29,,,8.0,,,
donttouchmeprimate,,,,8.0,,
donumdei,,,10.0,,,
dopefishie,,,,,9.0,
dorMancyx,7.0,6.0,8.0,8.0,8.0,7.0
doyler79,7.0,,,,,
drahulrajjsd,,,10.0,,,
drawlife,8.0,3.0,9.0,7.0,9.0,6.0
drjgardner,2.0,,,2.0,,8.0
drlex-15751,7.0,6.0,8.0,8.0,9.0,6.0
drqshadow-reviews,,,,5.0,6.0,4.0
drz,6.0,,,,,
dschlatter,,6.0,7.0,,,7.0
dtcwee,8.0,,,,,
dtstacey,7.0,,10.0,4.0,,
dtswpod,,,7.0,,,
dudewholikesthepits,,,,,,5.0
duggies70,,,,4.0,,2.0
dylanstaxes,,,,7.0,,
eagandersongil,,,7.0,,7.0,5.0
ebbewahlstrom,,,9.0,,,7.0
eddie_baggins,7.0,3.0,6.0,,8.0,6.0
eddmurua,,,,,,1.0
edwardeggers,6.0,,,,,
edwin-wks,,,,4.0,,
egdix,8.0,,,,,
elgrampo77,,,,5.0,7.0,
elhamfirmino,,7.0,10.0,,,
elhonig-902-129896,5.0,3.0,,,,
elizabethjeanhampton,2.0,,,,,
ellimic,7.0,,,,,
elliotjeory,,,,4.0,4.0,
elliotpower2000,,,,,8.0,
emryse,,,,6.0,8.0,6.0
eoinpgeary,7.0,,,7.0,8.0,6.0
eprusulis,,,6.0,,,2.0
ercfunk-445-950046,,,,7.0,,
ericgoldberg-50159,,5.0,,,,
ericknromero,,7.0,9.0,,,
ericstevenson,9.0,6.0,8.0,8.0,10.0,7.0
erminahotmail,,,,2.0,9.0,9.0
eskimosound,,,,,10.0,
ethanbresnett,8.0,6.0,8.0,7.0,9.0,6.0
evan_lassi,3.0,3.0,,7.0,,4.0
evans-j34,,,,,3.0,
evansjoshyr,,7.0,,10.0,8.0,
evanston_dad,,,,,7.0,
exceladeogun,7.0,6.0,,,,
extraplay-61838,8.0,,,,,
fatfil-414-451797,4.0,,,,,
fciocca,,,,5.0,4.0,
fdsafdsafd,,,5.0,,,
fearthemcneil,2.0,,,,,
ferguson-6,6.0,,6.0,,,6.0
fernandoschiavi,7.0,5.0,,7.0,8.0,6.0
ferreiranazli,,,,9.0,,
feyipuk,,,,4.0,,6.0
fh147,,,7.0,,,
fibulator777,,7.0,,,,
filipemanuelneto,,,,7.0,,
filmthusiast,,,,4.0,,
filmtravel101,,,,,,1.0
flicklover,,5.0,,8.0,10.0,7.0
flowirin,,,6.0,,,
fluffchop,,,,,4.0,7.0
fluffset,,,,,,
frankiesilver-91836,6.0,,,,10.0,6.0
fraser-simons,9.0,6.0,,,9.0,7.0
fredschaefer-406-623204,6.0,6.0,9.0,9.0,10.0,6.0
freethinkingworld,6.0,,,,,
frizzardi,,3.0,,,,
fuelrodx,,,,7.0,,
gaarauzumaki_992,5.0,,,,,
gabethedinosaur,10.0,10.0,10.0,10.0,10.0,10.0
gabriel_sanchez,,,,7.0,9.0,
gacsogergely,,,,,,1.0
galahad58-1,,,,,,2.0
galaxytitan-66249,,8.0,,,,
gangeshgnair,,5.0,,,,
garabedian123,,,,8.0,6.0,
garethvk/garethwooduk,10.0,7.0,8.0,,8.0,7.0
garretsr,5.0,,,,,
gatorgus48,,2.0,,,,
gavinp9,6.0,7.0,8.0,7.0,9.0,8.0
gawarof,,,8.0,,,
gbill-74877,,,,,6.0,
gbrezina2015,8.0,,,,,
gcsman,9.0,8.0,,9.0,9.0,6.0
geekoutmetal,,3.0,,,,
gehriquentin,8.0,,,,,
geislekm,5.0,,,,,
george.schmidt,,7.0,,8.0,9.0,8.0
gettodamoofies,,6.0,8.0,,,
getuliohf,,,,,,5.0
ghatbkk,,,,4.0,7.0,4.0
gianmarcoronconi,,,10.0,8.0,8.0,
gillmurphydogg,,,,,,5.0
gimili3979,,,1.0,,,
ginge_mickey,,,,5.0,,3.0
girliefingers,3.0,,,,,
giticomi,,,,10.0,,
glenaobrien,6.0,,,,,
glennmeerten06,,7.0,,,,
glori1491,,6.0,,,,
glstrom-14260,,,,,,2.0
glumski,,,,7.0,,
gmaileatsyourlunch,,,3.0,,,
gnperuti,,,10.0,,,
gortx,,,,,,
graves-scott,,,,1.0,,
greggman/grglmn,5.0,,,,,
griffithxjohnson,,8.0,7.0,9.0,10.0,8.0
grigoraaakis-889-295918,,,6.0,,,
grimreaperrr,,,10.0,,,
gritfrombray-1,,,,,10.0,
grlym-46849,3.0,,,4.0,,6.0
groundzero-273-397110,3.0,7.0,9.0,6.0,,7.0
gsilecchia,,5.0,,,,
gtenalokes,,,,,7.0,
guinden,5.0,,9.0,,,
guisreis,,,,,8.0,
gunn-wrights,,,,8.0,,
guskeller,,,,8.0,8.0,
h79423,,,7.0,,,
hXz0r3,,,,,1.0,
ha77y73ad97,6.0,7.0,,9.0,,7.0
harry-34518,9.0,4.0,8.0,8.0,10.0,5.0
harry_tk_yung,,,,,,
heidibokor,,,,7.0,,3.0
helenahandbasket-93734,,,1.0,,,
helghast-1337,,2.0,,,,
hemisphere65-1,3.0,,,,,
henry8-3,5.0,5.0,,6.0,7.0,4.0
hfreinoso,7.0,,10.0,9.0,10.0,
higherall7,10.0,,9.0,9.0,8.0,
him090296,,,5.0,,,
hiside-64664,,,7.0,,,
hjalsayegh,,,,,,5.0
hnt_dnl,,,,,9.0,
hoernkeem,8.0,3.0,9.0,7.0,7.0,
hotrobinproductions,,,,6.0,7.0,
hristokasabov,,,9.0,,,
hugor,5.0,6.0,,,,
iamianiman,,,8.0,6.0,,
iamjamalwhite,,,,6.0,9.0,10.0
ian1000,,,5.0,,,
ianas,,3.0,,,,
iansyard,4.0,,,,,
ib011f9545i,,,,,,5.0
illaymelamed,,,10.0,8.0,,
ilovefoodcoma,,,,7.0,9.0,
ilpo-surokivi,,,,5.0,,
imaxxing,,,5.0,,,
imdb-45,,,1.0,,,
imdb-ikysmoviedatabase,,,,,10.0,
imseeg,4.0,5.0,5.0,4.0,,
imxhill,,5.0,,8.0,8.0,6.0
inacan-90-894261,,,,7.0,,8.0
infinitetyler,,1.0,,5.0,,
info-90701,4.0,3.0,,,,3.0
inkledoodle,4.0,,,,,
innovativengineer,10.0,,,,,
intrepidami,,8.0,,,8.0,6.0
isaacmizrahii,,,,,,1.0
isaacochoterena,,,,4.0,7.0,5.0
isaacsundaralingam,,,7.0,,6.0,
isabellacatgirl,,,9.0,,,
ivanmessimilos,,,8.0,6.0,8.0,4.0
jace_the_film_guy,8.0,4.0,,5.0,9.0,7.0
jack_o_hasanov_imdb,7.0,5.0,8.0,7.0,9.0,6.0
jackgdemoss,8.0,,,9.0,8.0,5.0
jacksongaming-80094,,,7.0,,,
jacquelinesandra-34671,,,,4.0,,
jakethesnake-42007,,,,8.0,9.0,6.0
jamaisj,7.0,,,,,
jamericanbeauty,,,,,9.0,
jamesgreenwall,,,8.0,,,
jamesjustice-92,,,8.0,,,
jamesmcconnon,8.0,,,,,
jamesrupert2014,,,,6.0,5.0,2.0
jamiekressinger,,,,,9.0,
jamisonslabaugh,,,6.0,,,
jan-hranac,,,,,,
januszlvii,,2.0,,,,
jared-25331,,,10.0,,,
jaredkjacoby,,,8.0,7.0,,
jasminn_tan,,,,6.0,10.0,
jasoncrespo-56276,,,7.0,,,
javier_8,,,5.0,,,
jay632,7.0,,,,,
jay_amer,,,,10.0,,
jayg_58,,,,5.0,,
jaysanchu07,,,,8.0,8.0,5.0
jaysonjats,,7.0,,,,
jaysonpajaronvistal,7.0,6.0,,,,
jboothmillard,7.0,5.0,8.0,7.0,8.0,5.0
jcooloti,,,,,9.0,
jdowney-57-371157,4.0,,,,,
jebyvyson,7.0,,,,,6.0
jenaycarter,,,10.0,,,
jeroduptown,,,,6.0,8.0,
jeromesgabilo,5.0,,,6.0,4.0,
jerry-32590,2.0,,,,,
jesse-hitzroth,,,8.0,,,
jfgibson73,,,,5.0,8.0,
jharbert-47785,,8.0,,,,
jhmplopps,,4.0,2.0,,,
jimmycoffin-751-212853,,,,,1.0,
jimmycurwain,9.0,,,,,
jimmyishere-37748,,,,7.0,,
jindann,,,,,,8.0
jkanecoleman,,,,8.0,,6.0
jkb2012,7.0,7.0,9.0,7.0,8.0,8.0
jldivelbiss,,,,3.0,,
jljacobi,,,6.0,,7.0,4.0
jmariani-59799,,,,,2.0,
jmigoya,,,10.0,,,
jmillerjr-00983,,,,6.0,,
jmpusateri,,6.0,,,,
jmworacle-99025,,,,,8.0,
jochemunlimited,,,3.0,,,
joebloggscity,,,,,7.0,
joeyford-55342,,,,,,8.0
joeyfrats,,,10.0,,,
johannes2000-1,,6.0,,,,
johnalagoz,,,8.0,,,
johndavidson-1,6.0,6.0,,,,
johnnyhbtvs27,,6.0,8.0,6.0,9.0,6.0
johnsmithjanuary-20081,,,,,9.0,
joiningjt,,,10.0,10.0,,9.0
jojifrey,,,,,,
jojunno,,,,,,
joker-4,,,,,,7.0
jon_anderson77,8.0,,,,,
jon_hsieh,,,,,6.0,3.0
jonsid57,,,,,7.0,
jordiojoystar,,,9.0,,,
jordymadueno,,,6.0,,,
jordyntsmith,,4.0,,5.0,9.0,7.0
josephbarros-16407,,5.0,,,,
jostenson-74432,5.0,,,,,
jostinkissoon,,,10.0,,,
jp_91,5.0,5.0,5.0,7.0,7.0,6.0
jprice-38253,6.0,,,,,
jritty,,,5.0,,,
jroze13-18-86744,9.0,,,,,
jseph1234-262-617488,,,,5.0,,
jtindahouse,3.0,,8.0,7.0,,7.0
judealexharnett,,,10.0,7.0,8.0,
judywalker2,7.0,,,3.0,4.0,
juliethood,7.0,,,,,
justin-fencsak,,,,9.0,,
justinwfirestone,,,6.0,8.0,,
jvormer,,3.0,,,,
jwag777,5.0,,,,,
kademan-40962,,,9.0,,,
kaden_lewis,,,,,10.0,
kaefab,,8.0,8.0,,,8.0
kailomonkey,,,5.0,,,
karinahatem,,,,2.0,,6.0
karlevans-75682,,,7.0,,,
kateAraya715,,9.0,,,,
katharineshowalter,,3.0,,2.0,,
kcrisenphoenix,,10.0,,,,
keithfmanaton,,3.0,,,,3.0
kellindil-759-448828,,,7.0,4.0,,
kelly-gaudreau,,,,10.0,10.0,10.0
kenc-05236,8.0,,,,,
kenzibit,,,7.0,10.0,9.0,2.0
ketgup83,,,8.0,,,
kevin_robbins,9.0,7.0,8.0,7.0,10.0,8.0
kevinparmar681,,,8.0,,,
kezman436,,,6.0,,,
kfilippopoulou,,,,5.0,,
khalidmoubile,7.0,,,7.0,8.0,6.0
khanbaliq2,8.0,,,8.0,,4.0
kigaiyuuto,,,8.0,,,
killercharm/killercola,6.0,,2.0,,3.0,
killionriot,,9.0,,,,
kimberlyely-27550,,5.0,,,,
kingcasey_iii,,,,,1.0,
kitingaomotoso,7.0,,,,,
kjproulx,9.0,4.0,8.0,9.0,9.0,8.0
kmkevinn-64733,,,7.0,,,
knoxfan2008,,,6.0,,,
kobemackenzie,8.0,,,8.0,10.0,7.0
koltonbrett,7.0,4.0,8.0,,,4.0
koohii,,,,,2.0,
kosmasp,9.0,9.0,10.0,9.0,10.0,8.0
krisnadexter,,,,8.0,,7.0
krisztianv,2.0,,,,,
krunalpatel11127,,,,,7.0,
krzysiektom,,,2.0,,,2.0
ksgillihan,,,,,9.0,
ksharath1999,,,,6.0,,3.0
ksiraj-61833,1.0,,,,,
kskmah,,,,2.0,,
kuarinofu,,,,5.0,,
kumar_delish,6.0,4.0,,,,
kumaresanvishnu,6.0,,,,,
kuner-59029,3.0,,,4.0,6.0,2.0
kwenchow,,,,1.0,,
kyrross,,5.0,,,,
ladyliliroche,4.0,2.0,7.0,,9.0,2.0
ladymidath,,,,,10.0,
lakings97,7.0,7.0,9.0,6.0,10.0,
lambiepie-2,,,,6.0,,
lancelong777,,3.0,,,,
laplante-co-672-297856,,,6.0,,,
lareval,,,,,9.0,
lark40,,,,10.0,10.0,
lasttimeisaw,7.0,,,,7.0,
lawrencelawrence86,,,,6.0,,5.0
leoalexanderscott,9.0,,,7.0,,
leonardooliva-16135,,3.0,9.0,,,
leonffe,,9.0,,,,
leonidasoriginal,,,4.0,,,
lerrom/tylerkom,,,7.0,,,
lhbaker-28783,,6.0,,7.0,9.0,
li0904426,6.0,,,1.0,2.0,
liam_nb,6.0,,,,,
liamshirazi,,,,10.0,,7.0
lilianaoana,,,7.0,,,
lisafordeay,5.0,6.0,9.0,6.0,8.0,5.0
littlecrazydinosaurandy34,8.0,,,,,
loganschainker,7.0,,,7.0,,6.0
lojitsu,8.0,8.0,,9.0,9.0,8.0
londonelim,,,10.0,,,
looking_Work,4.0,6.0,,,,
loozzotys,,,,,1.0,
lopresti-46927,,6.0,8.0,7.0,,
lor_,,,,,,
lord-blade,,7.0,,,,
lord_orsum,6.0,,,7.0,,6.0
lorna-adair-133-801166,10.0,,,,,
lovefalloutkindagamer,,,8.0,,,
lovemichaeljordan,,,,7.0,7.0,
lucaschriskowalski,,,,7.0,,
lucaslw-93145,8.0,7.0,7.0,8.0,,8.0
lynansaysingle,,,,8.0,,
m-ramanan,7.0,,,7.0,10.0,7.0
macronnel,,,6.0,,,
madanmarwah,7.0,,,,7.0,
magadalwarmayur,,,,,1.0,8.0
magdikhanali,7.0,,,,,
mahmus,,,,8.0,9.0,
mailtaskservice,,,,8.0,,
malcolmjohnston,,,,9.0,10.0,8.0
malmevik77,9.0,,,9.0,10.0,9.0
mandyrstrickland,,,10.0,,,
margineanvladdaniel,,,,7.0,6.0,
maria_garcia_us,5.0,,,,,
marioprmpi,,,,,8.0,
markgorman,,,5.0,,,
martimusross,,,,,,2.0
martinpersson97,9.0,,,9.0,10.0,9.0
martinrobertson300482,,4.0,7.0,7.0,9.0,4.0
martwiller-948-644122,,6.0,,,,
marveller-66,,,,,10.0,6.0
marwinsingh-30063,,8.0,10.0,,,
maryrosepractice,,,10.0,,,
masonfisk,8.0,7.0,8.0,7.0,,7.0
masonsaul,7.0,6.0,8.0,9.0,10.0,6.0
mathewmartin-42537,7.0,,,,,
matris1,,,8.0,,,
matt_hew/rexmatthewj,9.0,7.0,,,3.0,5.0
mattatthemovies/PerryAtTheMovies,,4.0,7.0,8.0,6.0,
mattclap28,6.0,,8.0,8.0,,
matthewssilverhammer,,,,9.0,7.0,6.0
mattkratz,,,,,8.0,
mattlx,,8.0,,,,
mattstone137,,4.0,,2.0,,
mauriciofernandogerhardt,,,,8.0,,
mbell-56214,3.0,4.0,5.0,,1.0,4.0
mcampuzano88,2.0,,,,,
med77_99,,,,1.0,,
meissotruey,,1.0,,,3.0,2.0
melodyso,,,,,6.0,
mesaxi,,4.0,,,,3.0
mg-231645,,,,,,
mgentalen,,4.0,,,,
mhorg2018,5.0,,,,6.0,5.0
mhtotalmoviefan/allmoviesfan,,,8.0,,,5.0
miaalike,,,,3.0,6.0,
micglou,6.0,,,,,
michael-561-692892,,,,5.0,,
michvanbeek,,,8.0,,,
mickeyadamo,,,10.0,,,
mickman91-1,,,,,5.0,
middlehitter-92234,1.0,,,,,
mieriks,,,,,6.0,
mikeballa2001,,,9.0,,,
mikelpcl,,,3.0,,,
milan_kovacevic-04,,,10.0,,,
milescorn,1.0,,2.0,,,
milyrouge,8.0,,,,,
mindlessmoviemaster,,,,1.0,10.0,1.0
minerwolfminer,,,,7.0,,
mistela67,,6.0,,9.0,,
mitchell5954,,,7.0,4.0,8.0,6.0
mjanelle-24974,,,9.0,,,
mjb301086,,,,,,7.0
mjfhhh,,,,8.0,,
mjmirando,8.0,,,,,
mjpiro,,6.0,,,9.0,7.0
mkayseryan,,,,,10.0,
mklarsen-51895,8.0,,,,,
mluinstra,,,9.0,,,3.0
mlyttle77,,5.0,,,,
mmuggi,5.0,,,5.0,9.0,7.0
mnsmb7,6.0,,,,,
mob-96831,9.0,1.0,10.0,9.0,,
mocaler,,,1.0,,,1.0
mochteam,,,,5.0,,
mogensenf,8.0,6.0,,,,
mohkhair379,9.0,,,,,
mohnomachado,,5.0,,,,
momomojojo,,,,,3.0,
morrison-dylan-fan,,,,7.0,,
mossikukulas-21314,3.0,,,,,
moviehigh81/moviesknight,8.0,,3.0,8.0,8.0,6.0
movieliker1,,,,,6.0,
movieman6-413-929510,7.0,6.0,7.0,7.0,7.0,7.0
moviemanmo973,,6.0,7.0,,,
movies_are_life_,,5.0,4.0,,,
moviesfilmsreviewsinc/NS-movie-reviews,9.0,10.0,9.0,3.0,10.0,6.0
movietalkwithmuhammed,4.0,4.0,,,,
mr-altex,,,,,6.0,
mr_bickle_the_pickle,,7.0,,8.0,7.0,7.0
mr_sharma,,,,5.0,8.0,
mrashtastic89,9.0,5.0,9.0,9.0,10.0,9.0
mrdanielkanewilliams,,,9.0,,,
mrdonleone,,,,,8.0,
mrglenngrant,8.0,9.0,9.0,6.0,10.0,7.0
mrpicky,,,,9.0,,
msvicki1224,,,,,,2.0
mungflesh,,,,,,5.0
muratmihcioglu,,,,,8.0,
myblueblazer,,6.0,,7.0,9.0,6.0
nERDbOX_Dave,,,8.0,,,
nafodude,,,,,9.0,
nakrugt,,4.0,,2.0,,7.0
name99-92-545389,,,,,5.0,
namob-43673,2.0,2.0,5.0,1.0,6.0,2.0
nancyldraper,,,,,9.0,9.0
nansjune,,,,4.0,,
naomimuldrew27,,,,4.0,,
naroiden,,,10.0,1.0,,
natashialw,,,,9.0,10.0,10.0
nathangoffnett,,4.0,,,,
nathanmcdougle,3.0,,,,,
natmavila,,,7.0,,,
navendu_krishnan,,,,,,2.0
neil-476,6.0,7.0,10.0,7.0,10.0,8.0
nellz_nivlecn,10.0,,,,,
neutredlum,,,,7.0,,
newnoir,,,,,,
nichelsearobinson-18552,10.0,,,,,
nicolasroop,,,10.0,7.0,,4.0
nicolasverdessm,4.0,6.0,,,,
nicorip22,,,,8.0,9.0,5.0
nidhunmoviebuff,8.0,,,8.0,9.0,8.0
nightringer-76840,2.0,6.0,,,,
niharika-29248,9.0,,,,,
nitro72,,,,7.0,,7.0
nizarsalim,8.0,9.0,9.0,9.0,,7.0
nizzambaharuddin,6.0,,,,,
nkishudak,,,,6.0,,9.0
nlk87,,,,,4.0,
nlmike,,,,7.0,,4.0
nobledan31,,,10.0,,,
nogodnomasters,5.0,8.0,8.0,7.0,7.0,8.0
noshouse,,5.0,,,,
nscoby93,6.0,2.0,4.0,,9.0,
ocacia,5.0,,,,,
odaleg,,4.0,,,,
ohroonoko,,,,10.0,,10.0
olcare,,5.0,8.0,,,
ops-52535,,,,6.0,,
ossie85,,7.0,8.0,,,
ostlerb-02853,,8.0,,,,
oszajcakk,,6.0,,,,
owen-watts,7.0,,,,7.0,
owenpont-70803,8.0,7.0,,7.0,,6.0
p-jonsson,,,,,5.0,
padawanmovies,,,,8.0,,
panagiotis1993,7.0,,,,,5.0
panony-68080,6.0,,,,,
panta-4,,,5.0,,,
papanloveu,,,,,10.0,
pappywatts,,,10.0,8.0,,5.0
pariisaap,,9.0,,,,
parksiet,9.0,6.0,10.0,8.0,10.0,9.0
pasaribuharisfadli,,,,7.0,7.0,
passan-80670,,1.0,,,,
paul-ayres-60784,,,,,,1.0
paul_haakonsen,5.0,5.0,9.0,8.0,6.0,6.0
paul_obe,,,2.0,,,
paulclaassen,2.0,,,,,
paullewisborman,,,4.0,,,
paulwattriley,,,,,10.0,
pavlomir,,,7.0,,,
pd-19490,,,6.0,,,
pedroquintaoo,,,9.0,,,7.0
penofinspiratin,,2.0,,,,
pensacolacomputer,,,4.0,,6.0,
perky-18854,,,7.0,,,
peter-laganis,,,,6.0,,
peteraziz-62256,6.0,,,,,
pfne,6.0,,,,,9.0
phildeesnow,,,1.0,,,
philipjcowan-119-646602,5.0,,,,,
philthegreatone-786-63058,8.0,,,,,8.0
phoenixinvictus,,,,4.0,,
phzgnkn,,,10.0,,,
pietclausen,,,,7.0,,
pixfarina,,,4.0,,,
pixrox1,,6.0,9.0,8.0,9.0,9.0
plargreg,,,,1.0,,
poj-man,,,,4.0,,
politicidal,7.0,6.0,,8.0,,6.0
poseyfan,,6.0,,,8.0,
pranavisda1,,,10.0,,,
pranayjalvi,,6.0,7.0,5.0,10.0,4.0
premmgor,,,,8.0,,
pressboard,,,,10.0,,
priyagoswami-94472,10.0,,,,,
projectsgamer,,,,,10.0,
prolead,5.0,,,,,
proud_luddite,7.0,,,,7.0,
psgorio,,,9.0,,,
pughspencer,7.0,,,,9.0,7.0
puzgolac,,,,,6.0,
pwatm,5.0,,,,,
questl-18592,5.0,6.0,,6.0,9.0,4.0
quiqueperezsoler,,,,7.0,9.0,
quockquock,1.0,1.0,,,,
r96sk,8.0,9.0,9.0,,10.0,7.0
racoonito/ryanconduit,5.0,,,7.0,8.0,
radhrh,,,,,6.0,
rafaelcr44,9.0,,,,,
ragingbull_2005,,,,,,3.0
raja-mishra7,7.0,5.0,,,,
rajitecture,7.0,4.0,,,,5.0
rajvignesh-60140,8.0,7.0,7.0,,,7.0
rallder19,5.0,,,,,
randomStuff101,,,,,4.0,7.0
rannynm,10.0,7.0,,10.0,,9.0
ravenhair702,,,,,,6.0
ray115,,,,8.0,,8.0
rchevalier-37303,,,,2.0,,5.0
rchosen-193-5535,8.0,,7.0,7.0,,6.0
rcuttill,,7.0,,,,
rdamian1963,,5.0,,,,
realmuthaf,,,6.0,,,
reamaboucharaf,7.0,,,,,
redban02,,,7.0,,,
redcrossaint,,,,5.0,,
reddiemurf81,6.0,,9.0,6.0,9.0,6.0
redkyng,2.0,,2.0,3.0,,
reeceagland,,,8.0,,,
rehmankhilji,6.0,,8.0,6.0,9.0,6.0
renegadeviking-271-528568,,,8.0,,,
rgkarim,8.0,8.0,8.0,7.0,9.0,8.0
rich-12169,,5.0,,,,
rich-mac,,,,,6.0,
rich7354,4.0,,,,,
riddhimaakaritu,,,,,10.0,
rileyyjayy,10.0,,,,,
ritiksinghal-32110,,,8.0,,,
rjgrund-123-603438,,,,,,5.0
rkeilitz-19-537915,,,,,,2.0
rnixon-15663,,,,,10.0,
robertheduardoperezmachado,,,,8.0,,
robfollower,,,,8.0,7.0,8.0
robloxworld,,,10.0,,,
rockbunny-73250,,,3.0,,,
rockingruby,,,,,,2.0
rockyandbullwinkle,1.0,,,,,
rohanumpleby/rohanumpleby-34057,,3.0,8.0,6.0,,2.0
rokib99,,7.0,,,,
ronitsriv,,,8.0,,,
rotten-potatoes,7.0,6.0,5.0,,,
rowe-27464,,,9.0,,,
roxmewild,,,,,,1.0
royhectorkabanlit,,,,10.0,10.0,
rubbersoul-26239,,,,,,
rubenoftheorchard,10.0,,,,,
rubya,,,4.0,,,
rudicantfail,,,,3.0,,
rudygerst,,,,2.0,,2.0
ruelshepperd,6.0,,7.0,,,
running_with_scissors,,5.0,,,,
ruthszulc,,,10.0,,,
ryan-44110,,,8.0,,,
ryandannar,,,4.0,,,
ryanmo-35178,,6.0,7.0,7.0,10.0,6.0
ryanpersaud-59415,8.0,5.0,7.0,7.0,7.0,5.0
ryanwinning1,5.0,,,,,
ryrymadrid,,,,,,1.0
s_sahar99,1.0,1.0,,,,
s_simov,,,,,,2.0
saadkhan-61833,,,,1.0,,
saadurrehman70,,,9.0,,,
sadako11,4.0,,,6.0,,
said-buet10,6.0,,,,,
saikatsamanta,6.0,,,6.0,8.0,6.0
saimariejohnson,,10.0,10.0,10.0,,
sakram,,,8.0,,,
salramirezjr,7.0,,,,,
samog-98289/samyoung-82648,,6.0,,6.0,,3.0
samtimoney-79758,,,,,8.0,5.0
sanadalsalt,,,9.0,4.0,4.0,
sanjubhat,,,,8.0,,
saolivaresm,7.0,,8.0,,,
saru2020,4.0,,,,8.0,1.0
satin-48250,,,8.0,3.0,,
sauravjoshi85,,,,7.0,,
sbweightman,4.0,6.0,8.0,8.0,7.0,4.0
scottleerobinson,,7.0,,,,
scotyrocks,2.0,,,,,
seanhmoss6,,,,4.0,,4.0
searcherer,8.0,,,,,
secret_arash,,4.0,,6.0,,
seige-hound,,6.0,8.0,,,7.0
sepetcenk,,3.0,,,,
seraphin01,5.0,,,,,
sergelamarche,,,,7.0,8.0,
seruanyre,,,,,10.0,
seveb-25179,,,,4.0,,6.0
seven-johnson,,1.0,,,,
sevskirita,,,,,8.0,
sflanagan-47676,6.0,,,,,
shahedshanto,,7.0,,7.0,,6.0
shaht-16429,8.0,,,,,
shaikhirshad-41223,8.0,5.0,,9.0,9.0,8.0
shanayneigh,,,,4.0,,
shareen_shany,10.0,,,,,
sharky_55,,,,,7.0,
shauntyagi,4.0,,,,,
shefali-59244,,,,,,
shefchenko,,,,4.0,3.0,
sherwoodbandit-1977,,,8.0,,,
shoebsaad,,6.0,,,,
shoobe01-1,,,,5.0,,
shumailzafar,,,,,10.0,
siderite,7.0,7.0,8.0,8.0,8.0,7.0
silicontourist,6.0,,,,,
simevo-20093,,,,6.0,,
simianfriday,,,6.0,,,
sinahaase-960-743497,,,9.0,,,
sinscopefilms,,,6.0,,,
sirmohittomar,10.0,,,,,
sjhollen,,,4.0,,,
sjo-15,,2.0,10.0,7.0,,7.0
skanklover_69,,4.0,,,,
skelyrata,7.0,,,,,
skip-98756,10.0,8.0,,,,1.0
skmenon1993,,8.0,,7.0,10.0,8.0
sktraut,8.0,,,,,
skylermoore,,,,7.0,,6.0
slightlymad22,6.0,6.0,9.0,,,8.0
slowcando,,,,8.0,5.0,
smaniatopoulos,,3.0,,,,
sme3,6.0,,,,8.0,
smilerbaker,,,5.0,,,
snewkyblinders,,,7.0,,,
snoducky,,,7.0,,,
snoozejonc,6.0,5.0,,8.0,9.0,6.0
snowfre,,,2.0,,,
sohamvhadgir,,,8.0,,,
soulfunkyjazz,,,3.0,,,
sout-63306,5.0,,,,,
southdavid,7.0,6.0,7.0,8.0,9.0,6.0
spasek,,,,,8.0,
spaulagain,2.0,,,,,
spencer-w-hensley,,5.0,,,,
spidermonkeycoleman,8.0,,,,,
spideynw,,,1.0,,,
spikeypoet,8.0,,,,,3.0
spiralflick,9.0,,,,,
spmact,,,9.0,,,
srdjan_veljkovic,,,,2.0,,
sriramthestranger,,,,,8.0,
ssaftler,,,5.0,,,
ssvfolder-1,,,,,9.0,5.0
stafheyndrickx-490-681654,6.0,,,,,
stamv,7.0,,,,,
stan_gee,,,,,,1.0
startrekfan72,10.0,,,,,
statuskuo,,,6.0,6.0,2.0,5.0
stef2000,3.0,,,,,
stefanozucchelli,,,,5.0,6.0,
stefstars,,,,,9.0,
stephanie_wal-04572,6.0,,7.0,,,
stermix501,,,,,5.0,
steveantonchuk,5.0,,,,,
stevebondi,,,,8.0,10.0,
steveinadelaide,7.0,,7.0,,,
stevelivesey-37183/stevelivesey67,2.0,2.0,,2.0,7.0,3.0
stevendbeard/steveinadelaide,7.0,8.0,7.0,8.0,10.0,8.0
stevenjlowe82,,,,8.0,,
stevenmonkeydishwasher,,,9.0,,,
stevesinger-2001,,,8.0,,,
strizbiz-99429,,7.0,,,,
stsorrell,,,,,,3.0
studioAT,,,,2.0,7.0,
subxerogravity,8.0,7.0,,8.0,9.0,8.0
sufyaanrashid95,7.0,7.0,,,8.0,7.0
sujanfaster,6.0,7.0,,8.0,9.0,9.0
sumanth-05484,,,,,10.0,
supermaggie,,,,,,2.0
surfisfun,,,,,7.0,
suvechhabose,,,,7.0,,1.0
svanwelie-177-496844,,,8.0,,,
sventempest,,,1.0,,,
sweensa,,,9.0,,,
systersister,,,3.0,,,
ta-98251,9.0,7.0,8.0,8.0,9.0,2.0
taalzz,7.0,,,,,
tabuno,,6.0,,9.0,,7.0
tadavies-15568,10.0,,,,,
tahnya110,7.0,,,,,
tavives,9.0,,,,,
tayangangambar,7.0,,,,,
taz1004,1.0,,,,,
tchitouniaram,,4.0,,7.0,6.0,
tdsearles25,5.0,,6.0,,,
tect-03564,,,,,,3.0
teiixeiral,7.0,,,,,
terrylarosa,6.0,,,,,
thatsgottahurt-1,,6.0,,,,
thePopcornExplorer,6.0,3.0,8.0,5.0,9.0,4.0
thecanadian-23317,,,10.0,,,
thechair,4.0,,,,,
theffachrif,8.0,7.0,8.0,,,
thekarmicnomad,,,,,8.0,
themadcamel,,,,8.0,,7.0
themovieraidshow,,,8.0,,,
thepriceofpayne,,,,,10.0,
therapeuticsuicide,,,,,4.0,5.0
therealjaysmoke,3.0,2.0,5.0,,6.0,
theredsky,7.0,4.0,,7.0,7.0,3.0
theromanempire-1,,1.0,1.0,,,6.0
thesar-2,8.0,6.0,8.0,8.0,9.0,8.0
thesterlingweaver,,,,,9.0,
theteamavengers,,,,,10.0,
thisisgere,,,,,,
thomasmagri,4.0,,,,,
thomasubieda,,,8.0,,,
tiaskyelandish,,,7.0,,,
tim-31315,,,,4.0,,
tim-stjames,,,,7.0,,
tim_d3,,,6.0,,,
timeblank,9.0,8.0,9.0,8.0,10.0,7.0
timothy-price-794-581328,,,,9.0,,7.0
timothyhilditch,,,,,7.0,
tindfoting,5.0,3.0,,5.0,5.0,5.0
tkarlmann,,,5.0,,,
tkdlifemagazine,,4.0,8.0,6.0,8.0,
tkmce2008,,,,8.0,10.0,
tm-sheehan,5.0,,,,8.0,
tmcmaster031405,6.0,3.0,7.0,6.0,,
tmoser1434,,5.0,,,,
tommy-97761,5.0,4.0,8.0,,,4.0
tomsievins,,,,8.0,,
tonosov-51238,,,,5.0,,
tony-146-695626,,,10.0,,,
tonymicki,,,5.0,,,
tonyvmonte-54973,,,8.0,,,
toonarly,,10.0,10.0,,10.0,8.0
toonyjakes,,,9.0,6.0,,
tooranim,,,10.0,,,
topherdrewpg,10.0,,,,,
torrascotia,,,6.0,,,3.0
toseale,10.0,,,8.0,,8.0
toutouguy,,,,7.0,,
tpcatoz-90650,,5.0,,,,
tranat71,1.0,,10.0,7.0,,
trapp_33,8.0,,,,,
tresm87,,4.0,,,,
trevorwomble,,5.0,,,,
trey-yancy-572-763547,3.0,,,6.0,,
trinaboice,9.0,7.0,,,,8.0
troy-daniel-bush,,,,6.0,7.0,
tstyles1,,,6.0,,,
turnbull50,,,,,,3.0
tushargupta-27286,,,,5.0,5.0,
twh-00286,,,,3.0,,5.0
tyelder,,,10.0,,,
tygertygerburningbright,4.0,,,,,
tyzilla-02450,10.0,,,,,
ubasarsahin,,8.0,,,8.0,
uberdonkey6,4.0,,,,,
ucladude1,,9.0,,,,
unclesamsavage,,,,,7.0,
underscoremikecastaneda,,,2.0,,,
unsure-1,9.0,,,,,
v-86934,2.0,,,,,
vagtea-36082,,,10.0,,,
vailsy,,,,,7.0,
valmont1702,9.0,,9.0,,,
vandreren,2.0,,,,,
vandykeu,,,,5.0,,7.0
vanmust,1.0,,,,,
varnium,,10.0,,,,
vassiliskounelis,,,2.0,,,
vengeance20,,4.0,7.0,6.0,6.0,
veritybingo,,,5.0,4.0,,
vessalalizadeh,9.0,,,,10.0,
vibhus-17780,8.0,5.0,,7.0,9.0,6.0
view_and_review,,,,7.0,,
vikcyru,6.0,,,,,
vinifernandes,8.0,,,,,
vitalymakievsky,,,8.0,,6.0,
vithiet,6.0,6.0,9.0,7.0,9.0,7.0
vjnambu,,,,,,3.0
vn_larsen1,4.0,,,,,
vpashish,8.0,,,,,
warren-87235,,,,,,6.0
wedfan-52803,,,10.0,,,
wellthatswhatithinkanyway,,,9.0,,,
wendieta,7.0,,,,,
wgeddings,,,10.0,,,
wifeymoof,8.0,,,8.0,,
willandcharlenebrown,,,,5.0,8.0,2.0
william-eugensson,,,,6.0,,5.0
williamrbabcock,,8.0,,,,
williamsonandcompany,5.0,5.0,,7.0,,
willkthewpboy,5.0,,,,,
willphelan,8.0,,8.0,,,
willster-83146,,,6.0,,,
willz187,,8.0,,10.0,,10.0
wisdomwasp,3.0,7.0,6.0,2.0,,2.0
witra_as,,,,8.0,,7.0
wolfghostninja,,,7.0,,,
wolverinexfitxmma,,8.0,10.0,,,
worldsworstwryter,,,,4.0,,10.0
wtroggin-55558,2.0,,,,,
wumbi,,,,,5.0,
xTkAx,,,5.0,,,
xiaohei-80112,,,,,3.0,
xiaoli7377,7.0,6.0,,8.0,,7.0
xnicofingerx,,,7.0,,,
xuehuabingyu,,,,,10.0,
yahaira-729-694701,,,,5.0,,
yannik_kng,6.0,,,,,
yavoyavo,,,,1.0,,
ykjdh,10.0,,,,,
ymrhqtrz,9.0,,,,,
yogaisthepath,2.0,,,,,
yoshbuck,,,,5.0,,4.0
yourfriendmissminutes,9.0,,,,,
zenmilos,,,3.0,,,
zfgcjx,,,7.0,,,
zhyarTheChosen,,,,,7.0,
zkzuber,,,,,5.0,
zorba-36271,,,,,,7.0
ztpbrmhw,,,7.0,,,
zwjonas,,,9.0,,,
zzzxxxcccvvv-43202,1.0,1.0,,,,
